Workbook

Sheet T12
C2: LỊCH ĐÁNH PICKLEBALL SÂN 1 (tháng 12-2026)
B3: T.Tiền | C3: Ngày, thứ | D3: 1 | E3: 2 | F3: 3 | G3: 4 | H3: 5 | I3: 6 | J3: 7 | K3: 8 | L3: 9 | M3: 10 | N3: 11 | O3: 12 | P3: 13 | Q3: 14 | R3: 15 | S3: 16 | T3: 17 | U3: 18 | V3: 19 | W3: 20 | X3: 21 | Y3: 22 | Z3: 23 | AA3: 24 | AB3: 25 | AC3: 26 | AD3: 27 | AE3: 28 | AF3: 29 | AG3: 30 | AH3: 31 | AI3: Số ca | AJ3: Doanh thu
C4: Giờ | D4: T3 | E4: T4 | F4: T5 | G4: T6 | H4: T7 | I4: CN | J4: T2 | K4: T3 | L4: T4 | M4: T5 | N4: T6 | O4: T7 | P4: CN | Q4: T2 | R4: T3 | S4: T4 | T4: T5 | U4: T6 | V4: T7 | W4: CN | X4: T2 | Y4: T3 | Z4: T4 | AA4: T5 | AB4: T6 | AC4: T7 | AD4: CN | AE4: T2 | AF4: T3 | AG4: T4 | AH4: T5 | AI4: Tháng | AJ4: (Nghìn đ)
B5: 70k | C5: 5h - 6h | AI5: =COUNTA(D5:AH5) | AJ5: =(COUNTIF(D5:AH5,"T-*")*50)+(COUNTIF(D5:AH5,"TK-*")*70)+((COUNTA(D5:AH5)-COUNTIF(D5:AH5,"T-*")-COUNTIF(D5:AH5,"TK-*"))*70)
B6: 100k | C6: 6h - 7h | AI6: =COUNTA(D6:AH6) | AJ6: =(COUNTIF(D6:AH6,"T-*")*50)+(COUNTIF(D6:AH6,"TK-*")*70)+((COUNTA(D6:AH6)-COUNTIF(D6:AH6,"T-*")-COUNTIF(D6:AH6,"TK-*"))*100)
B7: 100k | C7: 7h - 8h | AI7: =COUNTA(D7:AH7) | AJ7: =(COUNTIF(D7:AH7,"T-*")*50)+(COUNTIF(D7:AH7,"TK-*")*70)+((COUNTA(D7:AH7)-COUNTIF(D7:AH7,"T-*")-COUNTIF(D7:AH7,"TK-*"))*100)
B8: 80k | C8: 8h - 9h | AI8: =COUNTA(D8:AH8) | AJ8: =(COUNTIF(D8:AH8,"T-*")*50)+(COUNTIF(D8:AH8,"TK-*")*70)+((COUNTA(D8:AH8)-COUNTIF(D8:AH8,"T-*")-COUNTIF(D8:AH8,"TK-*"))*80)
B9: 70k | C9: 9h - 10h | AI9: =COUNTA(D9:AH9) | AJ9: =(COUNTIF(D9:AH9,"T-*")*50)+(COUNTIF(D9:AH9,"TK-*")*70)+((COUNTA(D9:AH9)-COUNTIF(D9:AH9,"T-*")-COUNTIF(D9:AH9,"TK-*"))*70)
B10: 70k | C10: 10h - 14h | AI10: =COUNTA(D10:AH10) | AJ10: =(COUNTIF(D10:AH10,"T-*")*50)+(COUNTIF(D10:AH10,"TK-*")*70)+((COUNTA(D10:AH10)-COUNTIF(D10:AH10,"T-*")-COUNTIF(D10:AH10,"TK-*"))*70)
B11: 70k | C11: 14h - 15h | AI11: =COUNTA(D11:AH11) | AJ11: =(COUNTIF(D11:AH11,"T-*")*50)+(COUNTIF(D11:AH11,"TK-*")*70)+((COUNTA(D11:AH11)-COUNTIF(D11:AH11,"T-*")-COUNTIF(D11:AH11,"TK-*"))*70)
B12: 80k | C12: 15h - 16h | AI12: =COUNTA(D12:AH12) | AJ12: =(COUNTIF(D12:AH12,"T-*")*50)+(COUNTIF(D12:AH12,"TK-*")*70)+((COUNTA(D12:AH12)-COUNTIF(D12:AH12,"T-*")-COUNTIF(D12:AH12,"TK-*"))*80)
B13: 90k | C13: 16h - 17h | AI13: =COUNTA(D13:AH13) | AJ13: =(COUNTIF(D13:AH13,"T-*")*50)+(COUNTIF(D13:AH13,"TK-*")*70)+((COUNTA(D13:AH13)-COUNTIF(D13:AH13,"T-*")-COUNTIF(D13:AH13,"TK-*"))*90)
B14: 100k | C14: 17h - 18h | AI14: =COUNTA(D14:AH14) | AJ14: =(COUNTIF(D14:AH14,"T-*")*90)+(COUNTIF(D14:AH14,"TK-*")*100)+((COUNTA(D14:AH14)-COUNTIF(D14:AH14,"T-*")-COUNTIF(D14:AH14,"TK-*"))*100)
C15: 18h-19h | AI15: =COUNTA(D15:AH15) | AJ15: =(COUNTIF(D15:AH15,"T-*")*90)+(COUNTIF(D15:AH15,"TK-*")*100)+((COUNTA(D15:AH15)-COUNTIF(D15:AH15,"T-*")-COUNTIF(D15:AH15,"TK-*"))*100)
C16: 19h - 20h | AI16: =COUNTA(D16:AH16) | AJ16: =(COUNTIF(D16:AH16,"T-*")*90)+(COUNTIF(D16:AH16,"TK-*")*100)+((COUNTA(D16:AH16)-COUNTIF(D16:AH16,"T-*")-COUNTIF(D16:AH16,"TK-*"))*100)
B17: 90k | C17: 20h - 21h | AI17: =COUNTA(D17:AH17) | AJ17: =(COUNTIF(D17:AH17,"T-*")*90)+(COUNTIF(D17:AH17,"TK-*")*100)+((COUNTA(D17:AH17)-COUNTIF(D17:AH17,"T-*")-COUNTIF(D17:AH17,"TK-*"))*90)
B18: TỔNG SÂN 1 | C18: Số ca/ngày | D18: =COUNTA(D5:D17) | E18: =COUNTA(E5:E17) | F18: =COUNTA(F5:F17) | G18: =COUNTA(G5:G17) | H18: =COUNTA(H5:H17) | I18: =COUNTA(I5:I17) | J18: =COUNTA(J5:J17) | K18: =COUNTA(K5:K17) | ... AH18: =COUNTA(AH5:AH17) | AI18: =SUM(AI5:AI17) | AJ18: =SUM(AJ5:AJ17)
C19: LỊCH ĐÁNH PICKLEBALL SÂN 2 (tháng 12-2026)
B20: T.Tiền | C20: Ngày, thứ | D20: 1 | E20: 2 | F20: 3 | G20: 4 | H20: 5 | I20: 6 | J20: 7 | K20: 8 | L20: 9 | M20: 10 | N20: 11 | O20: 12 | P20: 13 | Q20: 14 | R20: 15 | S20: 16 | T20: 17 | U20: 18 | V20: 19 | W20: 20 | X20: 21 | Y20: 22 | Z20: 23 | AA20: 24 | AB20: 25 | AC20: 26 | AD20: 27 | AE20: 28 | AF20: 29 | AG20: 30 | AH20: 31 | AI20: Số ca | AJ20: Doanh thu
C21: Giờ | D21: T3 | E21: T4 | F21: T5 | G21: T6 | H21: T7 | I21: CN | J21: T2 | K21: T3 | L21: T4 | M21: T5 | N21: T6 | O21: T7 | P21: CN | Q21: T2 | R21: T3 | S21: T4 | T21: T5 | U21: T6 | V21: T7 | W21: CN | X21: T2 | Y21: T3 | Z21: T4 | AA21: T5 | AB21: T6 | AC21: T7 | AD21: CN | AE21: T2 | AF21: T3 | AG21: T4 | AH21: T5 | AI21: Tháng | AJ21: (Nghìn đ)
B22: 70k | C22: 5h - 6h | AI22: =COUNTA(D22:AH22) | AJ22: =(COUNTIF(D22:AH22,"T-*")*50)+(COUNTIF(D22:AH22,"TK-*")*70)+((COUNTA(D22:AH22)-COUNTIF(D22:AH22,"T-*")-COUNTIF(D22:AH22,"TK-*"))*70)
B23: 100k | C23: 6h - 7h | AI23: =COUNTA(D23:AH23) | AJ23: =(COUNTIF(D23:AH23,"T-*")*50)+(COUNTIF(D23:AH23,"TK-*")*70)+((COUNTA(D23:AH23)-COUNTIF(D23:AH23,"T-*")-COUNTIF(D23:AH23,"TK-*"))*100)
B24: 100k | C24: 7h - 8h | AI24: =COUNTA(D24:AH24) | AJ24: =(COUNTIF(D24:AH24,"T-*")*50)+(COUNTIF(D24:AH24,"TK-*")*70)+((COUNTA(D24:AH24)-COUNTIF(D24:AH24,"T-*")-COUNTIF(D24:AH24,"TK-*"))*100)
B25: 80k | C25: 8h - 9h | AI25: =COUNTA(D25:AH25) | AJ25: =(COUNTIF(D25:AH25,"T-*")*50)+(COUNTIF(D25:AH25,"TK-*")*70)+((COUNTA(D25:AH25)-COUNTIF(D25:AH25,"T-*")-COUNTIF(D25:AH25,"TK-*"))*80)
B26: 70k | C26: 9h - 10h | AI26: =COUNTA(D26:AH26) | AJ26: =(COUNTIF(D26:AH26,"T-*")*50)+(COUNTIF(D26:AH26,"TK-*")*70)+((COUNTA(D26:AH26)-COUNTIF(D26:AH26,"T-*")-COUNTIF(D26:AH26,"TK-*"))*70)
B27: 70k | C27: 10h - 14h | AI27: =COUNTA(D27:AH27) | AJ27: =(COUNTIF(D27:AH27,"T-*")*50)+(COUNTIF(D27:AH27,"TK-*")*70)+((COUNTA(D27:AH27)-COUNTIF(D27:AH27,"T-*")-COUNTIF(D27:AH27,"TK-*"))*70)
B28: 70k | C28: 14h - 15h | AI28: =COUNTA(D28:AH28) | AJ28: =(COUNTIF(D28:AH28,"T-*")*50)+(COUNTIF(D28:AH28,"TK-*")*70)+((COUNTA(D28:AH28)-COUNTIF(D28:AH28,"T-*")-COUNTIF(D28:AH28,"TK-*"))*70)
B29: 80k | C29: 15h - 16h | AI29: =COUNTA(D29:AH29) | AJ29: =(COUNTIF(D29:AH29,"T-*")*50)+(COUNTIF(D29:AH29,"TK-*")*70)+((COUNTA(D29:AH29)-COUNTIF(D29:AH29,"T-*")-COUNTIF(D29:AH29,"TK-*"))*80)
B30: 90k | C30: 16h - 17h | AI30: =COUNTA(D30:AH30) | AJ30: =(COUNTIF(D30:AH30,"T-*")*50)+(COUNTIF(D30:AH30,"TK-*")*70)+((COUNTA(D30:AH30)-COUNTIF(D30:AH30,"T-*")-COUNTIF(D30:AH30,"TK-*"))*90)
B31: 100k | C31: 17h - 18h | AI31: =COUNTA(D31:AH31) | AJ31: =(COUNTIF(D31:AH31,"T-*")*90)+(COUNTIF(D31:AH31,"TK-*")*100)+((COUNTA(D31:AH31)-COUNTIF(D31:AH31,"T-*")-COUNTIF(D31:AH31,"TK-*"))*100)
C32: 18h-19h | AI32: =COUNTA(D32:AH32) | AJ32: =(COUNTIF(D32:AH32,"T-*")*90)+(COUNTIF(D32:AH32,"TK-*")*100)+((COUNTA(D32:AH32)-COUNTIF(D32:AH32,"T-*")-COUNTIF(D32:AH32,"TK-*"))*100)
C33: 19h - 20h | AI33: =COUNTA(D33:AH33) | AJ33: =(COUNTIF(D33:AH33,"T-*")*90)+(COUNTIF(D33:AH33,"TK-*")*100)+((COUNTA(D33:AH33)-COUNTIF(D33:AH33,"T-*")-COUNTIF(D33:AH33,"TK-*"))*100)
B34: 90k | C34: 20h - 21h | AI34: =COUNTA(D34:AH34) | AJ34: =(COUNTIF(D34:AH34,"T-*")*90)+(COUNTIF(D34:AH34,"TK-*")*100)+((COUNTA(D34:AH34)-COUNTIF(D34:AH34,"T-*")-COUNTIF(D34:AH34,"TK-*"))*90)
B35: TỔNG SÂN 2 | C35: Số ca/ngày | D35: =COUNTA(D22:D34) | E35: =COUNTA(E22:E34) | F35: =COUNTA(F22:F34) | G35: =COUNTA(G22:G34) | H35: =COUNTA(H22:H34) | I35: =COUNTA(I22:I34) | J35: =COUNTA(J22:J34) | K35: =COUNTA(K22:K34) | ... AH35: =COUNTA(AH22:AH34) | AI35: =SUM(AI22:AI34) | AJ35: =SUM(AJ22:AJ34)
B36: Ghi chú: | D36: Thầy dạy từ 5h - 17h thu 50k (thầy dạy thường xuyên); 70k Cho Thầy dạy không thường xuyên
D37: Thầy dạy từ 17h - 21h thu 90k (thầy dạy thường xuyên); 100k Cho Thầy dạy không thường xuyên
B38: TỔNG 2 SÂN | C38: Cả tháng (Nghìn đ) | D38: Mẹo nhập tự động tính tiền: Ghi Tên khách (VD: A.Tuấn) = Giá thường | Ghi T-Tên (VD: T-Hùng) = Thầy dạy TX (50k/90k) | Ghi TK-Tên = Thầy KTX (70k/100k) | AI38: =AI18+AI35 | AJ38: =AJ18+AJ35

Sheet T11
C2: LỊCH ĐÁNH PICKLEBALL SÂN 1 (tháng 11-2026)
B3: T.Tiền | C3: Ngày, thứ | D3: 1 | E3: 2 | F3: 3 | G3: 4 | H3: 5 | I3: 6 | J3: 7 | K3: 8 | L3: 9 | M3: 10 | N3: 11 | O3: 12 | P3: 13 | Q3: 14 | R3: 15 | S3: 16 | T3: 17 | U3: 18 | V3: 19 | W3: 20 | X3: 21 | Y3: 22 | Z3: 23 | AA3: 24 | AB3: 25 | AC3: 26 | AD3: 27 | AE3: 28 | AF3: 29 | AG3: 30 | AH3: 31 | AI3: Số ca | AJ3: Doanh thu
C4: Giờ | D4: CN | E4: T2 | F4: T3 | G4: T4 | H4: T5 | I4: T6 | J4: T7 | K4: CN | L4: T2 | M4: T3 | N4: T4 | O4: T5 | P4: T6 | Q4: T7 | R4: CN | S4: T2 | T4: T3 | U4: T4 | V4: T5 | W4: T6 | X4: T7 | Y4: CN | Z4: T2 | AA4: T3 | AB4: T4 | AC4: T5 | AD4: T6 | AE4: T7 | AF4: CN | AG4: T2 | AH4: T3 | AI4: Tháng | AJ4: (Nghìn đ)
B5: 70k | C5: 5h - 6h | AI5: =COUNTA(D5:AH5) | AJ5: =(COUNTIF(D5:AH5,"T-*")*50)+(COUNTIF(D5:AH5,"TK-*")*70)+((COUNTA(D5:AH5)-COUNTIF(D5:AH5,"T-*")-COUNTIF(D5:AH5,"TK-*"))*70)
B6: 100k | C6: 6h - 7h | AI6: =COUNTA(D6:AH6) | AJ6: =(COUNTIF(D6:AH6,"T-*")*50)+(COUNTIF(D6:AH6,"TK-*")*70)+((COUNTA(D6:AH6)-COUNTIF(D6:AH6,"T-*")-COUNTIF(D6:AH6,"TK-*"))*100)
B7: 100k | C7: 7h - 8h | AI7: =COUNTA(D7:AH7) | AJ7: =(COUNTIF(D7:AH7,"T-*")*50)+(COUNTIF(D7:AH7,"TK-*")*70)+((COUNTA(D7:AH7)-COUNTIF(D7:AH7,"T-*")-COUNTIF(D7:AH7,"TK-*"))*100)
B8: 80k | C8: 8h - 9h | AI8: =COUNTA(D8:AH8) | AJ8: =(COUNTIF(D8:AH8,"T-*")*50)+(COUNTIF(D8:AH8,"TK-*")*70)+((COUNTA(D8:AH8)-COUNTIF(D8:AH8,"T-*")-COUNTIF(D8:AH8,"TK-*"))*80)
B9: 70k | C9: 9h - 10h | AI9: =COUNTA(D9:AH9) | AJ9: =(COUNTIF(D9:AH9,"T-*")*50)+(COUNTIF(D9:AH9,"TK-*")*70)+((COUNTA(D9:AH9)-COUNTIF(D9:AH9,"T-*")-COUNTIF(D9:AH9,"TK-*"))*70)
B10: 70k | C10: 10h - 14h | AI10: =COUNTA(D10:AH10) | AJ10: =(COUNTIF(D10:AH10,"T-*")*50)+(COUNTIF(D10:AH10,"TK-*")*70)+((COUNTA(D10:AH10)-COUNTIF(D10:AH10,"T-*")-COUNTIF(D10:AH10,"TK-*"))*70)
B11: 70k | C11: 14h - 15h | AI11: =COUNTA(D11:AH11) | AJ11: =(COUNTIF(D11:AH11,"T-*")*50)+(COUNTIF(D11:AH11,"TK-*")*70)+((COUNTA(D11:AH11)-COUNTIF(D11:AH11,"T-*")-COUNTIF(D11:AH11,"TK-*"))*70)
B12: 80k | C12: 15h - 16h | AI12: =COUNTA(D12:AH12) | AJ12: =(COUNTIF(D12:AH12,"T-*")*50)+(COUNTIF(D12:AH12,"TK-*")*70)+((COUNTA(D12:AH12)-COUNTIF(D12:AH12,"T-*")-COUNTIF(D12:AH12,"TK-*"))*80)
B13: 90k | C13: 16h - 17h | AI13: =COUNTA(D13:AH13) | AJ13: =(COUNTIF(D13:AH13,"T-*")*50)+(COUNTIF(D13:AH13,"TK-*")*70)+((COUNTA(D13:AH13)-COUNTIF(D13:AH13,"T-*")-COUNTIF(D13:AH13,"TK-*"))*90)
B14: 100k | C14: 17h - 18h | AI14: =COUNTA(D14:AH14) | AJ14: =(COUNTIF(D14:AH14,"T-*")*90)+(COUNTIF(D14:AH14,"TK-*")*100)+((COUNTA(D14:AH14)-COUNTIF(D14:AH14,"T-*")-COUNTIF(D14:AH14,"TK-*"))*100)
C15: 18h-19h | AI15: =COUNTA(D15:AH15) | AJ15: =(COUNTIF(D15:AH15,"T-*")*90)+(COUNTIF(D15:AH15,"TK-*")*100)+((COUNTA(D15:AH15)-COUNTIF(D15:AH15,"T-*")-COUNTIF(D15:AH15,"TK-*"))*100)
C16: 19h - 20h | AI16: =COUNTA(D16:AH16) | AJ16: =(COUNTIF(D16:AH16,"T-*")*90)+(COUNTIF(D16:AH16,"TK-*")*100)+((COUNTA(D16:AH16)-COUNTIF(D16:AH16,"T-*")-COUNTIF(D16:AH16,"TK-*"))*100)
B17: 90k | C17: 20h - 21h | AI17: =COUNTA(D17:AH17) | AJ17: =(COUNTIF(D17:AH17,"T-*")*90)+(COUNTIF(D17:AH17,"TK-*")*100)+((COUNTA(D17:AH17)-COUNTIF(D17:AH17,"T-*")-COUNTIF(D17:AH17,"TK-*"))*90)
B18: TỔNG SÂN 1 | C18: Số ca/ngày | D18: =COUNTA(D5:D17) | E18: =COUNTA(E5:E17) | F18: =COUNTA(F5:F17) | G18: =COUNTA(G5:G17) | H18: =COUNTA(H5:H17) | I18: =COUNTA(I5:I17) | J18: =COUNTA(J5:J17) | K18: =COUNTA(K5:K17) | ... AH18: =COUNTA(AH5:AH17) | AI18: =SUM(AI5:AI17) | AJ18: =SUM(AJ5:AJ17)
C19: LỊCH ĐÁNH PICKLEBALL SÂN 2 (tháng 11-2026)
B20: T.Tiền | C20: Ngày, thứ | D20: 1 | E20: 2 | F20: 3 | G20: 4 | H20: 5 | I20: 6 | J20: 7 | K20: 8 | L20: 9 | M20: 10 | N20: 11 | O20: 12 | P20: 13 | Q20: 14 | R20: 15 | S20: 16 | T20: 17 | U20: 18 | V20: 19 | W20: 20 | X20: 21 | Y20: 22 | Z20: 23 | AA20: 24 | AB20: 25 | AC20: 26 | AD20: 27 | AE20: 28 | AF20: 29 | AG20: 30 | AH20: 31 | AI20: Số ca | AJ20: Doanh thu
C21: Giờ | D21: CN | E21: T2 | F21: T3 | G21: T4 | H21: T5 | I21: T6 | J21: T7 | K21: CN | L21: T2 | M21: T3 | N21: T4 | O21: T5 | P21: T6 | Q21: T7 | R21: CN | S21: T2 | T21: T3 | U21: T4 | V21: T5 | W21: T6 | X21: T7 | Y21: CN | Z21: T2 | AA21: T3 | AB21: T4 | AC21: T5 | AD21: T6 | AE21: T7 | AF21: CN | AG21: T2 | AH21: T3 | AI21: Tháng | AJ21: (Nghìn đ)
B22: 70k | C22: 5h - 6h | AI22: =COUNTA(D22:AH22) | AJ22: =(COUNTIF(D22:AH22,"T-*")*50)+(COUNTIF(D22:AH22,"TK-*")*70)+((COUNTA(D22:AH22)-COUNTIF(D22:AH22,"T-*")-COUNTIF(D22:AH22,"TK-*"))*70)
B23: 100k | C23: 6h - 7h | AI23: =COUNTA(D23:AH23) | AJ23: =(COUNTIF(D23:AH23,"T-*")*50)+(COUNTIF(D23:AH23,"TK-*")*70)+((COUNTA(D23:AH23)-COUNTIF(D23:AH23,"T-*")-COUNTIF(D23:AH23,"TK-*"))*100)
B24: 100k | C24: 7h - 8h | AI24: =COUNTA(D24:AH24) | AJ24: =(COUNTIF(D24:AH24,"T-*")*50)+(COUNTIF(D24:AH24,"TK-*")*70)+((COUNTA(D24:AH24)-COUNTIF(D24:AH24,"T-*")-COUNTIF(D24:AH24,"TK-*"))*100)
B25: 80k | C25: 8h - 9h | AI25: =COUNTA(D25:AH25) | AJ25: =(COUNTIF(D25:AH25,"T-*")*50)+(COUNTIF(D25:AH25,"TK-*")*70)+((COUNTA(D25:AH25)-COUNTIF(D25:AH25,"T-*")-COUNTIF(D25:AH25,"TK-*"))*80)
B26: 70k | C26: 9h - 10h | AI26: =COUNTA(D26:AH26) | AJ26: =(COUNTIF(D26:AH26,"T-*")*50)+(COUNTIF(D26:AH26,"TK-*")*70)+((COUNTA(D26:AH26)-COUNTIF(D26:AH26,"T-*")-COUNTIF(D26:AH26,"TK-*"))*70)
B27: 70k | C27: 10h - 14h | AI27: =COUNTA(D27:AH27) | AJ27: =(COUNTIF(D27:AH27,"T-*")*50)+(COUNTIF(D27:AH27,"TK-*")*70)+((COUNTA(D27:AH27)-COUNTIF(D27:AH27,"T-*")-COUNTIF(D27:AH27,"TK-*"))*70)
B28: 70k | C28: 14h - 15h | AI28: =COUNTA(D28:AH28) | AJ28: =(COUNTIF(D28:AH28,"T-*")*50)+(COUNTIF(D28:AH28,"TK-*")*70)+((COUNTA(D28:AH28)-COUNTIF(D28:AH28,"T-*")-COUNTIF(D28:AH28,"TK-*"))*70)
B29: 80k | C29: 15h - 16h | AI29: =COUNTA(D29:AH29) | AJ29: =(COUNTIF(D29:AH29,"T-*")*50)+(COUNTIF(D29:AH29,"TK-*")*70)+((COUNTA(D29:AH29)-COUNTIF(D29:AH29,"T-*")-COUNTIF(D29:AH29,"TK-*"))*80)
B30: 90k | C30: 16h - 17h | AI30: =COUNTA(D30:AH30) | AJ30: =(COUNTIF(D30:AH30,"T-*")*50)+(COUNTIF(D30:AH30,"TK-*")*70)+((COUNTA(D30:AH30)-COUNTIF(D30:AH30,"T-*")-COUNTIF(D30:AH30,"TK-*"))*90)
B31: 100k | C31: 17h - 18h | AI31: =COUNTA(D31:AH31) | AJ31: =(COUNTIF(D31:AH31,"T-*")*90)+(COUNTIF(D31:AH31,"TK-*")*100)+((COUNTA(D31:AH31)-COUNTIF(D31:AH31,"T-*")-COUNTIF(D31:AH31,"TK-*"))*100)
C32: 18h-19h | AI32: =COUNTA(D32:AH32) | AJ32: =(COUNTIF(D32:AH32,"T-*")*90)+(COUNTIF(D32:AH32,"TK-*")*100)+((COUNTA(D32:AH32)-COUNTIF(D32:AH32,"T-*")-COUNTIF(D32:AH32,"TK-*"))*100)
C33: 19h - 20h | AI33: =COUNTA(D33:AH33) | AJ33: =(COUNTIF(D33:AH33,"T-*")*90)+(COUNTIF(D33:AH33,"TK-*")*100)+((COUNTA(D33:AH33)-COUNTIF(D33:AH33,"T-*")-COUNTIF(D33:AH33,"TK-*"))*100)
B34: 90k | C34: 20h - 21h | AI34: =COUNTA(D34:AH34) | AJ34: =(COUNTIF(D34:AH34,"T-*")*90)+(COUNTIF(D34:AH34,"TK-*")*100)+((COUNTA(D34:AH34)-COUNTIF(D34:AH34,"T-*")-COUNTIF(D34:AH34,"TK-*"))*90)
B35: TỔNG SÂN 2 | C35: Số ca/ngày | D35: =COUNTA(D22:D34) | E35: =COUNTA(E22:E34) | F35: =COUNTA(F22:F34) | G35: =COUNTA(G22:G34) | H35: =COUNTA(H22:H34) | I35: =COUNTA(I22:I34) | J35: =COUNTA(J22:J34) | K35: =COUNTA(K22:K34) | ... AH35: =COUNTA(AH22:AH34) | AI35: =SUM(AI22:AI34) | AJ35: =SUM(AJ22:AJ34)
B36: Ghi chú: | D36: Thầy dạy từ 5h - 17h thu 50k (thầy dạy thường xuyên); 70k Cho Thầy dạy không thường xuyên
D37: Thầy dạy từ 17h - 21h thu 90k (thầy dạy thường xuyên); 100k Cho Thầy dạy không thường xuyên
B38: TỔNG 2 SÂN | C38: Cả tháng (Nghìn đ) | D38: Mẹo nhập tự động tính tiền: Ghi Tên khách (VD: A.Tuấn) = Giá thường | Ghi T-Tên (VD: T-Hùng) = Thầy dạy TX (50k/90k) | Ghi TK-Tên = Thầy KTX (70k/100k) | AI38: =AI18+AI35 | AJ38: =AJ18+AJ35

Sheet t10
C2: LỊCH ĐÁNH PICKLEBALL SÂN 1 (THÁNG 10-2026)
B3: T.Tiền | C3: Ngày, thứ | D3: 1 | E3: 2 | F3: 3 | G3: 4 | H3: 5 | I3: 6 | J3: 7 | K3: 8 | L3: 9 | M3: 10 | N3: 11 | O3: 12 | P3: 13 | Q3: 14 | R3: 15 | S3: 16 | T3: 17 | U3: 18 | V3: 19 | W3: 20 | X3: 21 | Y3: 22 | Z3: 23 | AA3: 24 | AB3: 25 | AC3: 26 | AD3: 27 | AE3: 28 | AF3: 29 | AG3: 30 | AH3: 31 | AI3: Số ca | AJ3: Doanh thu
C4: Giờ | D4: T5 | E4: T6 | F4: T7 | G4: CN | H4: T2 | I4: T3 | J4: T4 | K4: T5 | L4: T6 | M4: T7 | N4: CN | O4: T2 | P4: T3 | Q4: T4 | R4: T5 | S4: T6 | T4: T7 | U4: CN | V4: T2 | W4: T3 | X4: T4 | Y4: T5 | Z4: T6 | AA4: T7 | AB4: CN | AC4: T2 | AD4: T3 | AE4: T4 | AF4: T5 | AG4: T6 | AH4: T7 | AI4: Tháng | AJ4: (Nghìn đ)
B5: 70k | C5: 5h - 6h | AI5: =COUNTA(D5:AH5) | AJ5: =(COUNTIF(D5:AH5,"T-*")*50)+(COUNTIF(D5:AH5,"TK-*")*70)+((COUNTA(D5:AH5)-COUNTIF(D5:AH5,"T-*")-COUNTIF(D5:AH5,"TK-*"))*70)
B6: 100k | C6: 6h - 7h | AI6: =COUNTA(D6:AH6) | AJ6: =(COUNTIF(D6:AH6,"T-*")*50)+(COUNTIF(D6:AH6,"TK-*")*70)+((COUNTA(D6:AH6)-COUNTIF(D6:AH6,"T-*")-COUNTIF(D6:AH6,"TK-*"))*100)
B7: 100k | C7: 7h - 8h | AI7: =COUNTA(D7:AH7) | AJ7: =(COUNTIF(D7:AH7,"T-*")*50)+(COUNTIF(D7:AH7,"TK-*")*70)+((COUNTA(D7:AH7)-COUNTIF(D7:AH7,"T-*")-COUNTIF(D7:AH7,"TK-*"))*100)
B8: 80k | C8: 8h - 9h | AI8: =COUNTA(D8:AH8) | AJ8: =(COUNTIF(D8:AH8,"T-*")*50)+(COUNTIF(D8:AH8,"TK-*")*70)+((COUNTA(D8:AH8)-COUNTIF(D8:AH8,"T-*")-COUNTIF(D8:AH8,"TK-*"))*80)
B9: 70k | C9: 9h - 10h | AI9: =COUNTA(D9:AH9) | AJ9: =(COUNTIF(D9:AH9,"T-*")*50)+(COUNTIF(D9:AH9,"TK-*")*70)+((COUNTA(D9:AH9)-COUNTIF(D9:AH9,"T-*")-COUNTIF(D9:AH9,"TK-*"))*70)
B10: 70k | C10: 10h - 14h | AI10: =COUNTA(D10:AH10) | AJ10: =(COUNTIF(D10:AH10,"T-*")*50)+(COUNTIF(D10:AH10,"TK-*")*70)+((COUNTA(D10:AH10)-COUNTIF(D10:AH10,"T-*")-COUNTIF(D10:AH10,"TK-*"))*70)
B11: 70k | C11: 14h - 15h | AI11: =COUNTA(D11:AH11) | AJ11: =(COUNTIF(D11:AH11,"T-*")*50)+(COUNTIF(D11:AH11,"TK-*")*70)+((COUNTA(D11:AH11)-COUNTIF(D11:AH11,"T-*")-COUNTIF(D11:AH11,"TK-*"))*70)
B12: 80k | C12: 15h - 16h | AI12: =COUNTA(D12:AH12) | AJ12: =(COUNTIF(D12:AH12,"T-*")*50)+(COUNTIF(D12:AH12,"TK-*")*70)+((COUNTA(D12:AH12)-COUNTIF(D12:AH12,"T-*")-COUNTIF(D12:AH12,"TK-*"))*80)
B13: 90k | C13: 16h - 17h | AI13: =COUNTA(D13:AH13) | AJ13: =(COUNTIF(D13:AH13,"T-*")*50)+(COUNTIF(D13:AH13,"TK-*")*70)+((COUNTA(D13:AH13)-COUNTIF(D13:AH13,"T-*")-COUNTIF(D13:AH13,"TK-*"))*90)
B14: 100k | C14: 17h - 18h | AI14: =COUNTA(D14:AH14) | AJ14: =(COUNTIF(D14:AH14,"T-*")*90)+(COUNTIF(D14:AH14,"TK-*")*100)+((COUNTA(D14:AH14)-COUNTIF(D14:AH14,"T-*")-COUNTIF(D14:AH14,"TK-*"))*100)
C15: 18h-19h | AI15: =COUNTA(D15:AH15) | AJ15: =(COUNTIF(D15:AH15,"T-*")*90)+(COUNTIF(D15:AH15,"TK-*")*100)+((COUNTA(D15:AH15)-COUNTIF(D15:AH15,"T-*")-COUNTIF(D15:AH15,"TK-*"))*100)
C16: 19h - 20h | AI16: =COUNTA(D16:AH16) | AJ16: =(COUNTIF(D16:AH16,"T-*")*90)+(COUNTIF(D16:AH16,"TK-*")*100)+((COUNTA(D16:AH16)-COUNTIF(D16:AH16,"T-*")-COUNTIF(D16:AH16,"TK-*"))*100)
B17: 90k | C17: 20h - 21h | AI17: =COUNTA(D17:AH17) | AJ17: =(COUNTIF(D17:AH17,"T-*")*90)+(COUNTIF(D17:AH17,"TK-*")*100)+((COUNTA(D17:AH17)-COUNTIF(D17:AH17,"T-*")-COUNTIF(D17:AH17,"TK-*"))*90)
B18: TỔNG SÂN 1 | C18: Số ca/ngày | D18: =COUNTA(D5:D17) | E18: =COUNTA(E5:E17) | F18: =COUNTA(F5:F17) | G18: =COUNTA(G5:G17) | H18: =COUNTA(H5:H17) | I18: =COUNTA(I5:I17) | J18: =COUNTA(J5:J17) | K18: =COUNTA(K5:K17) | ... AH18: =COUNTA(AH5:AH17) | AI18: =SUM(AI5:AI17) | AJ18: =SUM(AJ5:AJ17)
C19: LỊCH ĐÁNH PICKLEBALL SÂN 2 (THÁNG 10-2026)
B20: T.Tiền | C20: Ngày, thứ | D20: 1 | E20: 2 | F20: 3 | G20: 4 | H20: 5 | I20: 6 | J20: 7 | K20: 8 | L20: 9 | M20: 10 | N20: 11 | O20: 12 | P20: 13 | Q20: 14 | R20: 15 | S20: 16 | T20: 17 | U20: 18 | V20: 19 | W20: 20 | X20: 21 | Y20: 22 | Z20: 23 | AA20: 24 | AB20: 25 | AC20: 26 | AD20: 27 | AE20: 28 | AF20: 29 | AG20: 30 | AH20: 31 | AI20: Số ca | AJ20: Doanh thu
C21: Giờ | D21: T5 | E21: T6 | F21: T7 | G21: CN | H21: T2 | I21: T3 | J21: T4 | K21: T5 | L21: T6 | M21: T7 | N21: CN | O21: T2 | P21: T3 | Q21: T4 | R21: T5 | S21: T6 | T21: T7 | U21: CN | V21: T2 | W21: T3 | X21: T4 | Y21: T5 | Z21: T6 | AA21: T7 | AB21: CN | AC21: T2 | AD21: T3 | AE21: T4 | AF21: T5 | AG21: T6 | AH21: T7 | AI21: Tháng | AJ21: (Nghìn đ)
B22: 70k | C22: 5h - 6h | AI22: =COUNTA(D22:AH22) | AJ22: =(COUNTIF(D22:AH22,"T-*")*50)+(COUNTIF(D22:AH22,"TK-*")*70)+((COUNTA(D22:AH22)-COUNTIF(D22:AH22,"T-*")-COUNTIF(D22:AH22,"TK-*"))*70)
B23: 100k | C23: 6h - 7h | AI23: =COUNTA(D23:AH23) | AJ23: =(COUNTIF(D23:AH23,"T-*")*50)+(COUNTIF(D23:AH23,"TK-*")*70)+((COUNTA(D23:AH23)-COUNTIF(D23:AH23,"T-*")-COUNTIF(D23:AH23,"TK-*"))*100)
B24: 100k | C24: 7h - 8h | AI24: =COUNTA(D24:AH24) | AJ24: =(COUNTIF(D24:AH24,"T-*")*50)+(COUNTIF(D24:AH24,"TK-*")*70)+((COUNTA(D24:AH24)-COUNTIF(D24:AH24,"T-*")-COUNTIF(D24:AH24,"TK-*"))*100)
B25: 80k | C25: 8h - 9h | AI25: =COUNTA(D25:AH25) | AJ25: =(COUNTIF(D25:AH25,"T-*")*50)+(COUNTIF(D25:AH25,"TK-*")*70)+((COUNTA(D25:AH25)-COUNTIF(D25:AH25,"T-*")-COUNTIF(D25:AH25,"TK-*"))*80)
B26: 70k | C26: 9h - 10h | AI26: =COUNTA(D26:AH26) | AJ26: =(COUNTIF(D26:AH26,"T-*")*50)+(COUNTIF(D26:AH26,"TK-*")*70)+((COUNTA(D26:AH26)-COUNTIF(D26:AH26,"T-*")-COUNTIF(D26:AH26,"TK-*"))*70)
B27: 70k | C27: 10h - 14h | AI27: =COUNTA(D27:AH27) | AJ27: =(COUNTIF(D27:AH27,"T-*")*50)+(COUNTIF(D27:AH27,"TK-*")*70)+((COUNTA(D27:AH27)-COUNTIF(D27:AH27,"T-*")-COUNTIF(D27:AH27,"TK-*"))*70)
B28: 70k | C28: 14h - 15h | AI28: =COUNTA(D28:AH28) | AJ28: =(COUNTIF(D28:AH28,"T-*")*50)+(COUNTIF(D28:AH28,"TK-*")*70)+((COUNTA(D28:AH28)-COUNTIF(D28:AH28,"T-*")-COUNTIF(D28:AH28,"TK-*"))*70)
B29: 80k | C29: 15h - 16h | AI29: =COUNTA(D29:AH29) | AJ29: =(COUNTIF(D29:AH29,"T-*")*50)+(COUNTIF(D29:AH29,"TK-*")*70)+((COUNTA(D29:AH29)-COUNTIF(D29:AH29,"T-*")-COUNTIF(D29:AH29,"TK-*"))*80)
B30: 90k | C30: 16h - 17h | AI30: =COUNTA(D30:AH30) | AJ30: =(COUNTIF(D30:AH30,"T-*")*50)+(COUNTIF(D30:AH30,"TK-*")*70)+((COUNTA(D30:AH30)-COUNTIF(D30:AH30,"T-*")-COUNTIF(D30:AH30,"TK-*"))*90)
B31: 100k | C31: 17h - 18h | AI31: =COUNTA(D31:AH31) | AJ31: =(COUNTIF(D31:AH31,"T-*")*90)+(COUNTIF(D31:AH31,"TK-*")*100)+((COUNTA(D31:AH31)-COUNTIF(D31:AH31,"T-*")-COUNTIF(D31:AH31,"TK-*"))*100)
C32: 18h-19h | AI32: =COUNTA(D32:AH32) | AJ32: =(COUNTIF(D32:AH32,"T-*")*90)+(COUNTIF(D32:AH32,"TK-*")*100)+((COUNTA(D32:AH32)-COUNTIF(D32:AH32,"T-*")-COUNTIF(D32:AH32,"TK-*"))*100)
C33: 19h - 20h | AI33: =COUNTA(D33:AH33) | AJ33: =(COUNTIF(D33:AH33,"T-*")*90)+(COUNTIF(D33:AH33,"TK-*")*100)+((COUNTA(D33:AH33)-COUNTIF(D33:AH33,"T-*")-COUNTIF(D33:AH33,"TK-*"))*100)
B34: 90k | C34: 20h - 21h | AI34: =COUNTA(D34:AH34) | AJ34: =(COUNTIF(D34:AH34,"T-*")*90)+(COUNTIF(D34:AH34,"TK-*")*100)+((COUNTA(D34:AH34)-COUNTIF(D34:AH34,"T-*")-COUNTIF(D34:AH34,"TK-*"))*90)
B35: TỔNG SÂN 2 | C35: Số ca/ngày | D35: =COUNTA(D22:D34) | E35: =COUNTA(E22:E34) | F35: =COUNTA(F22:F34) | G35: =COUNTA(G22:G34) | H35: =COUNTA(H22:H34) | I35: =COUNTA(I22:I34) | J35: =COUNTA(J22:J34) | K35: =COUNTA(K22:K34) | ... AH35: =COUNTA(AH22:AH34) | AI35: =SUM(AI22:AI34) | AJ35: =SUM(AJ22:AJ34)
B36: Ghi chú: | D36: Thầy dạy từ 5h - 17h thu 50k (thầy dạy thường xuyên); 70k Cho Thầy dạy không thường xuyên
D37: Thầy dạy từ 17h - 21h thu 90k (thầy dạy thường xuyên); 100k Cho Thầy dạy không thường xuyên
B38: TỔNG 2 SÂN | C38: Cả tháng (Nghìn đ) | D38: Mẹo nhập tự động tính tiền: Ghi Tên khách (VD: A.Tuấn) = Giá thường | Ghi T-Tên (VD: T-Hùng) = Thầy dạy TX (50k/90k) | Ghi TK-Tên = Thầy KTX (70k/100k) | AI38: =AI18+AI35 | AJ38: =AJ18+AJ35

Sheet BAO_CAO_DOANH_THU
B1: BẢNG TỔNG HỢP DOANH THU 2 SÂN PICKLEBALL (THÁNG 10 - 11 - 12/2026)
B3: Tháng | C3: Số ca Sân 1 | D3: Tiền Sân 1 (Nghìn đ) | E3: Số ca Sân 2 | F3: Tiền Sân 2 (Nghìn đ) | G3: Tổng Số Ca | H3: Tổng Doanh Thu (Nghìn đ)
B4: Tháng 10/2026 | C4: =t10!AI18 | D4: =t10!AJ18 | E4: =t10!AI35 | F4: =t10!AJ35 | G4: =C4+E4 | H4: =D4+F4
B5: Tháng 11/2026 | C5: =T11!AI18 | D5: =T11!AJ18 | E5: =T11!AI35 | F5: =T11!AJ35 | G5: =C5+E5 | H5: =D5+F5
B6: Tháng 12/2026 | C6: =T12!AI18 | D6: =T12!AJ18 | E6: =T12!AI35 | F6: =T12!AJ35 | G6: =C6+E6 | H6: =D6+F6
B7: TỔNG QUÝ 4/2026 | C7: =SUM(C4:C6) | D7: =SUM(D4:D6) | E7: =SUM(E4:E6) | F7: =SUM(F4:F6) | G7: =SUM(G4:G6) | H7: =SUM(H4:H6)

Sheet Sheet3

Sheet Sheet4
